region,issuer,card_name,card_slug_candidate,program_name,program_slug_candidate,geography,currency,earn_unit,catalog_status,source_confidence,seed_readiness,image_asset_slug
IN,HDFC Bank,HDFC Bank Infinia Metal Edition,hdfc-bank-infinia-metal-edition,HDFC SmartBuy Rewards,hdfc-smartbuy-rewards,IN,INR,100_inr,active_public,high,ready_for_card_seed_details,hdfc-bank-infinia-metal-edition
IN,HDFC Bank,HDFC Bank Diners Club Black Metal Edition,hdfc-bank-diners-club-black-metal-edition,HDFC Diners Club Rewards,hdfc-diners-club-rewards,IN,INR,100_inr,active_public,high,ready_for_card_seed_details,hdfc-bank-diners-club-black-metal-edition
IN,HDFC Bank,HDFC Bank Regalia Gold Credit Card,hdfc-bank-regalia-gold-credit-card,HDFC Regalia Rewards,hdfc-regalia-rewards,IN,INR,100_inr,active_public,high,ready_for_card_seed_details,hdfc-bank-regalia-gold-credit-card
IN,HDFC Bank,HDFC Bank Millennia Credit Card,hdfc-bank-millennia-credit-card,HDFC Millennia CashPoints,hdfc-millennia-cashpoints,IN,INR,100_inr,active_public,high,ready_for_card_seed_details,hdfc-bank-millennia-credit-card
IN,HDFC Bank,HDFC Bank MoneyBack+ Credit Card,hdfc-bank-moneyback-credit-card,HDFC Reward Points,hdfc-reward-points,IN,INR,100_inr,active_public,high,ready_for_card_seed_details,hdfc-bank-moneyback-credit-card
IN,HDFC Bank,HDFC Bank Freedom Credit Card,hdfc-bank-freedom-credit-card,HDFC Reward Points,hdfc-reward-points,IN,INR,100_inr,active_public,high,ready_for_card_seed_details,hdfc-bank-freedom-credit-card
IN,HDFC Bank,HDFC Bank UPI RuPay Credit Card,hdfc-bank-upi-rupay-credit-card,HDFC Reward Points,hdfc-reward-points,IN,INR,100_inr,active_public,high,ready_for_card_seed_details,hdfc-bank-upi-rupay-credit-card
IN,HDFC Bank,HDFC Bank UPI RuPay Credit Card Mega Saver,hdfc-bank-upi-rupay-credit-card-mega-saver,HDFC Reward Points,hdfc-reward-points,IN,INR,100_inr,active_public,high,ready_for_card_seed_details,hdfc-bank-upi-rupay-credit-card-mega-saver
IN,HDFC Bank,Swiggy HDFC Bank Credit Card,swiggy-hdfc-bank-credit-card,Swiggy Cashback,swiggy-cashback,IN,INR,100_inr,active_public,high,ready_for_card_seed_details,swiggy-hdfc-bank-credit-card
IN,HDFC Bank,Paytm HDFC Bank Credit Card,paytm-hdfc-bank-credit-card,Paytm Cashback,paytm-cashback,IN,INR,100_inr,active_public,high,ready_for_card_seed_details,paytm-hdfc-bank-credit-card
IN,HDFC Bank,Paytm HDFC Bank Select Credit Card,paytm-hdfc-bank-select-credit-card,Paytm Cashback,paytm-cashback,IN,INR,100_inr,active_public,high,ready_for_card_seed_details,paytm-hdfc-bank-select-credit-card
IN,HDFC Bank,Paytm HDFC Bank Mobile Credit Card,paytm-hdfc-bank-mobile-credit-card,Paytm Cashback,paytm-cashback,IN,INR,100_inr,active_public,medium,ready_for_card_seed_details,paytm-hdfc-bank-mobile-credit-card
IN,HDFC Bank,Paytm HDFC Bank Digital Credit Card,paytm-hdfc-bank-digital-credit-card,Paytm Cashback,paytm-cashback,IN,INR,100_inr,active_public,medium,ready_for_card_seed_details,paytm-hdfc-bank-digital-credit-card
IN,HDFC Bank,EasyEMI HDFC Bank Credit Card,easyemi-hdfc-bank-credit-card,HDFC Reward Points,hdfc-reward-points,IN,INR,100_inr,active_public,high,ready_for_card_seed_details,easyemi-hdfc-bank-credit-card
IN,HDFC Bank,Tata Neu Infinity HDFC Bank Credit Card,tata-neu-infinity-hdfc-bank-credit-card,NeuCoins,neucoins,IN,INR,100_inr,active_public,high,ready_for_card_seed_details,tata-neu-infinity-hdfc-bank-credit-card
IN,HDFC Bank,Tata Neu Plus HDFC Bank Credit Card,tata-neu-plus-hdfc-bank-credit-card,NeuCoins,neucoins,IN,INR,100_inr,active_public,high,ready_for_card_seed_details,tata-neu-plus-hdfc-bank-credit-card
IN,HDFC Bank,IndianOil HDFC Bank Credit Card,indianoil-hdfc-bank-credit-card,IndianOil Fuel Points,indianoil-fuel-points,IN,INR,100_inr,active_public,high,ready_for_card_seed_details,indianoil-hdfc-bank-credit-card
IN,HDFC Bank,IRCTC HDFC Bank Credit Card,irctc-hdfc-bank-credit-card,IRCTC Reward Points,irctc-reward-points,IN,INR,100_inr,active_public,high,ready_for_card_seed_details,irctc-hdfc-bank-credit-card
IN,HDFC Bank,PIXEL Play Credit Card,pixel-play-credit-card,HDFC Pixel Cashback,hdfc-pixel-cashback,IN,INR,100_inr,active_public,high,ready_for_card_seed_details,pixel-play-credit-card
IN,HDFC Bank,PIXEL Go Credit Card,pixel-go-credit-card,HDFC Pixel Cashback,hdfc-pixel-cashback,IN,INR,100_inr,active_public,high,ready_for_card_seed_details,pixel-go-credit-card
IN,HDFC Bank,HDFC Bank Diners Club Privilege Credit Card,hdfc-bank-diners-club-privilege-credit-card,HDFC Diners Club Rewards,hdfc-diners-club-rewards,IN,INR,100_inr,active_public,high,ready_for_card_seed_details,hdfc-bank-diners-club-privilege-credit-card
IN,HDFC Bank,HDFC Bank Diners Club Rewardz Credit Card,hdfc-bank-diners-club-rewardz-credit-card,HDFC Diners Club Rewards,hdfc-diners-club-rewards,IN,INR,100_inr,active_public,medium,ready_for_card_seed_details,hdfc-bank-diners-club-rewardz-credit-card
IN,Axis Bank,Axis Bank Neo Credit Card,axis-bank-neo-credit-card,Axis EDGE Rewards,axis-edge-rewards,IN,INR,100_inr,active_public,high,ready_for_card_seed_details,axis-bank-neo-credit-card
IN,Axis Bank,Axis Bank Rewards Credit Card,axis-bank-rewards-credit-card,Axis EDGE Rewards,axis-edge-rewards,IN,INR,100_inr,active_public,high,ready_for_card_seed_details,axis-bank-rewards-credit-card
IN,Axis Bank,Airtel Axis Bank Credit Card,airtel-axis-bank-credit-card,Airtel Cashback,airtel-axis-cashback,IN,INR,100_inr,active_public,high,ready_for_card_seed_details,airtel-axis-bank-credit-card
IN,Axis Bank,Axis Bank ACE Credit Card,axis-bank-ace-credit-card,Axis EDGE Rewards,axis-edge-rewards,IN,INR,100_inr,active_public,high,ready_for_card_seed_details,axis-bank-ace-credit-card
IN,Axis Bank,Axis Bank SELECT Credit Card,axis-bank-select-credit-card,Axis EDGE Rewards,axis-edge-rewards,IN,INR,100_inr,active_public,high,ready_for_card_seed_details,axis-bank-select-credit-card
IN,Axis Bank,Axis Bank MAGNUS Credit Card,axis-bank-magnus-credit-card,Axis EDGE Rewards,axis-edge-rewards,IN,INR,100_inr,active_public,high,ready_for_card_seed_details,axis-bank-magnus-credit-card
IN,Axis Bank,Axis Bank HORIZON Credit Card,axis-bank-horizon-credit-card,Axis EDGE Rewards,axis-edge-rewards,IN,INR,100_inr,active_public,high,ready_for_card_seed_details,axis-bank-horizon-credit-card
IN,Axis Bank,IndianOil Axis Bank Credit Card,indianoil-axis-bank-credit-card,IndianOil Fuel Points,indianoil-fuel-points,IN,INR,100_inr,active_public,high,ready_for_card_seed_details,indianoil-axis-bank-credit-card
IN,Axis Bank,Pride Platinum Credit Card,pride-platinum-credit-card,Axis Reward Points,axis-reward-points,IN,INR,100_inr,active_public,high,ready_for_card_seed_details,pride-platinum-credit-card
IN,Axis Bank,Pride Signature Credit Card,pride-signature-credit-card,Axis Reward Points,axis-reward-points,IN,INR,100_inr,active_public,high,ready_for_card_seed_details,pride-signature-credit-card
IN,Axis Bank,Buzz Credit Card,buzz-credit-card,Axis Reward Points,axis-reward-points,IN,INR,100_inr,active_public,high,ready_for_card_seed_details,buzz-credit-card
IN,Axis Bank,super.money RuPay Credit Card,super-money-rupay-credit-card,super.money Cashback,super-money-cashback,IN,INR,100_inr,active_public,high,ready_for_card_seed_details,super-money-rupay-credit-card
IN,Axis Bank,Axis Bank Reserve Credit Card,axis-bank-reserve-credit-card,Axis EDGE Rewards,axis-edge-rewards,IN,INR,100_inr,active_public,high,ready_for_card_seed_details,axis-bank-reserve-credit-card
IN,Axis Bank,MY Zone Easy Credit Card,my-zone-easy-credit-card,Axis Reward Points,axis-reward-points,IN,INR,100_inr,active_public,high,ready_for_card_seed_details,my-zone-easy-credit-card
IN,Axis Bank,IndianOil Easy Credit Card,indianoil-easy-credit-card,IndianOil Fuel Points,indianoil-fuel-points,IN,INR,100_inr,active_public,high,ready_for_card_seed_details,indianoil-easy-credit-card
IN,Axis Bank,Privilege Easy Credit Card,privilege-easy-credit-card,Axis Reward Points,axis-reward-points,IN,INR,100_inr,active_public,high,ready_for_card_seed_details,privilege-easy-credit-card
IN,Axis Bank,Axis Bank Atlas Credit Card,axis-bank-atlas-credit-card,Axis EDGE Miles,axis-edge-miles,IN,INR,100_inr,active_public,high,ready_for_card_seed_details,axis-bank-atlas-credit-card
IN,Axis Bank,Axis Bank AURA Credit Card,axis-bank-aura-credit-card,Axis Reward Points,axis-reward-points,IN,INR,100_inr,active_public,high,ready_for_card_seed_details,axis-bank-aura-credit-card
IN,Axis Bank,Axis Bank Signature Credit Card with Lifestyle Benefits,axis-bank-signature-credit-card-with-lifestyle-benefits,Axis Reward Points,axis-reward-points,IN,INR,100_inr,active_public,high,ready_for_card_seed_details,axis-bank-signature-credit-card-with-lifestyle-benefits
IN,Axis Bank,Axis Bank Platinum Credit Card,axis-bank-platinum-credit-card,Axis Reward Points,axis-reward-points,IN,INR,100_inr,active_public,high,ready_for_card_seed_details,axis-bank-platinum-credit-card
IN,Axis Bank,Axis Bank Titanium Smart Traveler Credit Card,axis-bank-titanium-smart-traveler-credit-card,Axis EDGE Rewards,axis-edge-rewards,IN,INR,100_inr,active_public,high,ready_for_card_seed_details,axis-bank-titanium-smart-traveler-credit-card
IN,Axis Bank,Flipkart Axis Bank Super Elite Credit Card,flipkart-axis-bank-super-elite-credit-card,Flipkart SuperCoins,flipkart-supercoins,IN,INR,100_inr,active_public,high,ready_for_card_seed_details,flipkart-axis-bank-super-elite-credit-card
IN,Axis Bank,SpiceJet Axis Bank Voyage Black Credit Card,spicejet-axis-bank-voyage-black-credit-card,SpiceClub,spiceclub,IN,INR,100_inr,active_public,high,ready_for_card_seed_details,spicejet-axis-bank-voyage-black-credit-card
IN,Axis Bank,Samsung Axis Bank Infinite Credit Card,samsung-axis-bank-infinite-credit-card,Axis Reward Points,axis-reward-points,IN,INR,100_inr,active_public,high,ready_for_card_seed_details,samsung-axis-bank-infinite-credit-card
IN,Axis Bank,Samsung Axis Bank Signature Credit Card,samsung-axis-bank-signature-credit-card,Axis Reward Points,axis-reward-points,IN,INR,100_inr,active_public,high,ready_for_card_seed_details,samsung-axis-bank-signature-credit-card
IN,Axis Bank,Miles and More Axis Bank Credit Card,miles-and-more-axis-bank-credit-card,Miles and More,miles-and-more,IN,INR,100_inr,active_public,high,ready_for_card_seed_details,miles-and-more-axis-bank-credit-card
IN,Axis Bank,Axis Bank Freecharge Credit Card,axis-bank-freecharge-credit-card,Freecharge Cashback,freecharge-cashback,IN,INR,100_inr,active_public,high,ready_for_card_seed_details,axis-bank-freecharge-credit-card
IN,Axis Bank,Axis Bank Freecharge Plus Credit Card,axis-bank-freecharge-plus-credit-card,Freecharge Cashback,freecharge-cashback,IN,INR,100_inr,active_public,high,ready_for_card_seed_details,axis-bank-freecharge-plus-credit-card
IN,Axis Bank,LIC Axis Bank Signature Credit Card,lic-axis-bank-signature-credit-card,Axis Reward Points,axis-reward-points,IN,INR,100_inr,active_public,high,ready_for_card_seed_details,lic-axis-bank-signature-credit-card
IN,Axis Bank,LIC Axis Bank Platinum Credit Card,lic-axis-bank-platinum-credit-card,Axis Reward Points,axis-reward-points,IN,INR,100_inr,active_public,high,ready_for_card_seed_details,lic-axis-bank-platinum-credit-card
IN,Axis Bank,Axis Bank Vistara Signature Credit Card,axis-bank-vistara-signature-credit-card,Club Vistara,club-vistara,IN,INR,100_inr,legacy_verify,high,hold_for_verification,axis-bank-vistara-signature-credit-card
IN,Axis Bank,Axis Bank Vistara Credit Card,axis-bank-vistara-credit-card,Club Vistara,club-vistara,IN,INR,100_inr,legacy_verify,high,hold_for_verification,axis-bank-vistara-credit-card
IN,Axis Bank,Kwik Axis Bank Credit Card,kwik-axis-bank-credit-card,Axis Reward Points,axis-reward-points,IN,INR,100_inr,active_public,high,ready_for_card_seed_details,kwik-axis-bank-credit-card
IN,Axis Bank,Axis Bank Vistara Infinite Credit Card,axis-bank-vistara-infinite-credit-card,Club Vistara,club-vistara,IN,INR,100_inr,legacy_verify,high,hold_for_verification,axis-bank-vistara-infinite-credit-card
IN,Axis Bank,Axis Bank Privilege Credit Card,axis-bank-privilege-credit-card,Axis EDGE Rewards,axis-edge-rewards,IN,INR,100_inr,active_public,high,ready_for_card_seed_details,axis-bank-privilege-credit-card
IN,Axis Bank,Flipkart Axis Bank Credit Card,flipkart-axis-bank-credit-card,Flipkart SuperCoins,flipkart-supercoins,IN,INR,100_inr,active_public,high,ready_for_card_seed_details,flipkart-axis-bank-credit-card
IN,SBI Card,CASHBACK SBI Card,cashback-sbi-card,SBI Cashback,sbi-cashback,IN,INR,100_inr,active_public,high,ready_for_card_seed_details,cashback-sbi-card
IN,SBI Card,Flipkart SBI Card,flipkart-sbi-card,Flipkart SuperCoins,flipkart-supercoins,IN,INR,100_inr,active_public,high,ready_for_card_seed_details,flipkart-sbi-card
IN,SBI Card,IndiGo SBI Card,indigo-sbi-card,IndiGo BluChip,indigo-bluchip,IN,INR,100_inr,active_public,high,ready_for_card_seed_details,indigo-sbi-card
IN,SBI Card,SimplyCLICK SBI Card,simplyclick-sbi-card,SBI Reward Points,sbi-reward-points,IN,INR,100_inr,active_public,high,ready_for_card_seed_details,simplyclick-sbi-card
IN,SBI Card,Tata Neu Infinity SBI Card,tata-neu-infinity-sbi-card,NeuCoins,neucoins,IN,INR,100_inr,active_public,high,ready_for_card_seed_details,tata-neu-infinity-sbi-card
IN,SBI Card,SBI Card Miles Elite,sbi-card-miles-elite,SBI Travel Credits,sbi-travel-credits,IN,INR,100_inr,active_public,high,ready_for_card_seed_details,sbi-card-miles-elite
IN,SBI Card,SBI Card ELITE,sbi-card-elite,SBI Reward Points,sbi-reward-points,IN,INR,100_inr,active_public,high,ready_for_card_seed_details,sbi-card-elite
IN,SBI Card,SBI Card PRIME,sbi-card-prime,SBI Reward Points,sbi-reward-points,IN,INR,100_inr,active_public,high,ready_for_card_seed_details,sbi-card-prime
IN,SBI Card,SBI Card PULSE,sbi-card-pulse,SBI Reward Points,sbi-reward-points,IN,INR,100_inr,active_public,high,ready_for_card_seed_details,sbi-card-pulse
IN,SBI Card,Tata Neu Plus SBI Card,tata-neu-plus-sbi-card,NeuCoins,neucoins,IN,INR,100_inr,active_public,high,ready_for_card_seed_details,tata-neu-plus-sbi-card
IN,SBI Card,Doctor's SBI Card in association with IMA,doctor-s-sbi-card-in-association-with-ima,SBI Reward Points,sbi-reward-points,IN,INR,100_inr,active_public,high,ready_for_card_seed_details,doctor-s-sbi-card-in-association-with-ima
IN,SBI Card,SBI Card ELITE Advantage,sbi-card-elite-advantage,SBI Reward Points,sbi-reward-points,IN,INR,100_inr,active_public,high,ready_for_card_seed_details,sbi-card-elite-advantage
IN,SBI Card,PhonePe SBI Card SELECT BLACK,phonepe-sbi-card-select-black,PhonePe Cashback,phonepe-cashback,IN,INR,100_inr,active_public,high,ready_for_card_seed_details,phonepe-sbi-card-select-black
IN,SBI Card,PhonePe SBI Card PURPLE,phonepe-sbi-card-purple,PhonePe Cashback,phonepe-cashback,IN,INR,100_inr,active_public,high,ready_for_card_seed_details,phonepe-sbi-card-purple
IN,SBI Card,OLA Money SBI Card,ola-money-sbi-card,OLA Cashback,ola-cashback,IN,INR,100_inr,active_public,high,ready_for_card_seed_details,ola-money-sbi-card
IN,SBI Card,Apollo SBI Card SELECT,apollo-sbi-card-select,Apollo Rewards,apollo-rewards,IN,INR,100_inr,active_public,high,ready_for_card_seed_details,apollo-sbi-card-select
IN,SBI Card,Apollo SBI Card,apollo-sbi-card,Apollo Rewards,apollo-rewards,IN,INR,100_inr,active_public,high,ready_for_card_seed_details,apollo-sbi-card
IN,SBI Card,Tata Card SELECT,tata-card-select,SBI Reward Points,sbi-reward-points,IN,INR,100_inr,active_public,high,ready_for_card_seed_details,tata-card-select
IN,SBI Card,Tata Card,tata-card,SBI Reward Points,sbi-reward-points,IN,INR,100_inr,active_public,high,ready_for_card_seed_details,tata-card
IN,SBI Card,Paytm SBI Card SELECT,paytm-sbi-card-select,Paytm Cashback,paytm-cashback,IN,INR,100_inr,active_public,high,ready_for_card_seed_details,paytm-sbi-card-select
IN,SBI Card,Paytm SBI Card,paytm-sbi-card,Paytm Cashback,paytm-cashback,IN,INR,100_inr,active_public,high,ready_for_card_seed_details,paytm-sbi-card
IN,SBI Card,Landmark Rewards SBI Card PRIME,landmark-rewards-sbi-card-prime,Landmark Rewards,landmark-rewards,IN,INR,100_inr,active_public,high,ready_for_card_seed_details,landmark-rewards-sbi-card-prime
IN,SBI Card,Landmark Rewards SBI Card SELECT,landmark-rewards-sbi-card-select,Landmark Rewards,landmark-rewards,IN,INR,100_inr,active_public,high,ready_for_card_seed_details,landmark-rewards-sbi-card-select
IN,SBI Card,Landmark Rewards SBI Card,landmark-rewards-sbi-card,Landmark Rewards,landmark-rewards,IN,INR,100_inr,active_public,high,ready_for_card_seed_details,landmark-rewards-sbi-card
IN,SBI Card,Titan SBI Card,titan-sbi-card,Titan Rewards,titan-rewards,IN,INR,100_inr,active_public,high,ready_for_card_seed_details,titan-sbi-card
IN,SBI Card,Reliance SBI Card,reliance-sbi-card,Reliance Rewards,reliance-rewards,IN,INR,100_inr,active_public,high,ready_for_card_seed_details,reliance-sbi-card
IN,SBI Card,Reliance SBI Card PRIME,reliance-sbi-card-prime,Reliance Rewards,reliance-rewards,IN,INR,100_inr,active_public,high,ready_for_card_seed_details,reliance-sbi-card-prime
IN,SBI Card,SBI Card Unnati,sbi-card-unnati,SBI Reward Points,sbi-reward-points,IN,INR,100_inr,active_public,high,ready_for_card_seed_details,sbi-card-unnati
IN,SBI Card,SimplyCLICK Advantage SBI Card,simplyclick-advantage-sbi-card,SBI Reward Points,sbi-reward-points,IN,INR,100_inr,active_public,high,ready_for_card_seed_details,simplyclick-advantage-sbi-card
IN,SBI Card,SimplySAVE Advantage SBI Card,simplysave-advantage-sbi-card,SBI Reward Points,sbi-reward-points,IN,INR,100_inr,active_public,high,ready_for_card_seed_details,simplysave-advantage-sbi-card
IN,SBI Card,Shaurya SBI Card,shaurya-sbi-card,SBI Reward Points,sbi-reward-points,IN,INR,100_inr,active_public,high,ready_for_card_seed_details,shaurya-sbi-card
IN,SBI Card,Shaurya Select SBI Card,shaurya-select-sbi-card,SBI Reward Points,sbi-reward-points,IN,INR,100_inr,active_public,high,ready_for_card_seed_details,shaurya-select-sbi-card
IN,SBI Card,SimplySAVE SBI Card,simplysave-sbi-card,SBI Reward Points,sbi-reward-points,IN,INR,100_inr,active_public,high,ready_for_card_seed_details,simplysave-sbi-card
IN,SBI Card,IndiGo SBI Card ELITE,indigo-sbi-card-elite,IndiGo BluChip,indigo-bluchip,IN,INR,100_inr,active_public,high,ready_for_card_seed_details,indigo-sbi-card-elite
IN,SBI Card,KrisFlyer SBI Card,krisflyer-sbi-card,Singapore Airlines KrisFlyer,krisflyer,IN,INR,100_inr,active_public,high,ready_for_card_seed_details,krisflyer-sbi-card
IN,SBI Card,KrisFlyer SBI Card Apex,krisflyer-sbi-card-apex,Singapore Airlines KrisFlyer,krisflyer,IN,INR,100_inr,active_public,high,ready_for_card_seed_details,krisflyer-sbi-card-apex
IN,SBI Card,SBI Card Miles PRIME,sbi-card-miles-prime,SBI Travel Credits,sbi-travel-credits,IN,INR,100_inr,active_public,high,ready_for_card_seed_details,sbi-card-miles-prime
IN,SBI Card,SBI Card Miles,sbi-card-miles,SBI Travel Credits,sbi-travel-credits,IN,INR,100_inr,active_public,high,ready_for_card_seed_details,sbi-card-miles
IN,SBI Card,BPCL SBI Card OCTANE,bpcl-sbi-card-octane,BPCL PetroBonus,bpcl-petrobonus,IN,INR,100_inr,active_public,high,ready_for_card_seed_details,bpcl-sbi-card-octane
IN,SBI Card,IRCTC SBI Card Premier,irctc-sbi-card-premier,IRCTC Reward Points,irctc-reward-points,IN,INR,100_inr,active_public,high,ready_for_card_seed_details,irctc-sbi-card-premier
IN,SBI Card,Etihad Guest SBI Premier Card,etihad-guest-sbi-premier-card,Etihad Guest,etihad-guest,IN,INR,100_inr,active_public,high,ready_for_card_seed_details,etihad-guest-sbi-premier-card
IN,SBI Card,Etihad Guest SBI Card,etihad-guest-sbi-card,Etihad Guest,etihad-guest,IN,INR,100_inr,active_public,high,ready_for_card_seed_details,etihad-guest-sbi-card
IN,SBI Card,BPCL SBI Card,bpcl-sbi-card,BPCL PetroBonus,bpcl-petrobonus,IN,INR,100_inr,active_public,high,ready_for_card_seed_details,bpcl-sbi-card
IN,SBI Card,Club Vistara SBI Card PRIME,club-vistara-sbi-card-prime,Club Vistara,club-vistara,IN,INR,100_inr,legacy_verify,high,hold_for_verification,club-vistara-sbi-card-prime
IN,SBI Card,Club Vistara SBI Card,club-vistara-sbi-card,Club Vistara,club-vistara,IN,INR,100_inr,legacy_verify,high,hold_for_verification,club-vistara-sbi-card
IN,SBI Card,Air India SBI Signature Card,air-india-sbi-signature-card,Air India Maharaja Club,air-india-maharaja-club,IN,INR,100_inr,active_public,high,ready_for_card_seed_details,air-india-sbi-signature-card
IN,SBI Card,Air India SBI Platinum Card,air-india-sbi-platinum-card,Air India Maharaja Club,air-india-maharaja-club,IN,INR,100_inr,active_public,high,ready_for_card_seed_details,air-india-sbi-platinum-card
IN,SBI Card,IRCTC SBI Platinum Card,irctc-sbi-platinum-card,IRCTC Reward Points,irctc-reward-points,IN,INR,100_inr,active_public,high,ready_for_card_seed_details,irctc-sbi-platinum-card
IN,SBI Card,Bank of Maharashtra SBI Card ELITE,bank-of-maharashtra-sbi-card-elite,SBI Reward Points,sbi-reward-points,IN,INR,100_inr,active_public,high,ready_for_card_seed_details,bank-of-maharashtra-sbi-card-elite
IN,SBI Card,Bank of Maharashtra SimplySAVE SBI Card,bank-of-maharashtra-simplysave-sbi-card,SBI Reward Points,sbi-reward-points,IN,INR,100_inr,active_public,high,ready_for_card_seed_details,bank-of-maharashtra-simplysave-sbi-card
IN,SBI Card,Bank of Maharashtra SBI Card PRIME,bank-of-maharashtra-sbi-card-prime,SBI Reward Points,sbi-reward-points,IN,INR,100_inr,active_public,high,ready_for_card_seed_details,bank-of-maharashtra-sbi-card-prime
IN,SBI Card,PSB SBI Card ELITE,psb-sbi-card-elite,SBI Reward Points,sbi-reward-points,IN,INR,100_inr,active_public,high,ready_for_card_seed_details,psb-sbi-card-elite
IN,SBI Card,PSB SBI Card PRIME,psb-sbi-card-prime,SBI Reward Points,sbi-reward-points,IN,INR,100_inr,active_public,high,ready_for_card_seed_details,psb-sbi-card-prime
IN,SBI Card,PSB SimplySAVE SBI Card,psb-simplysave-sbi-card,SBI Reward Points,sbi-reward-points,IN,INR,100_inr,active_public,high,ready_for_card_seed_details,psb-simplysave-sbi-card
IN,SBI Card,UCO Bank SBI Card ELITE,uco-bank-sbi-card-elite,SBI Reward Points,sbi-reward-points,IN,INR,100_inr,active_public,high,ready_for_card_seed_details,uco-bank-sbi-card-elite
IN,SBI Card,UCO Bank SBI Card PRIME,uco-bank-sbi-card-prime,SBI Reward Points,sbi-reward-points,IN,INR,100_inr,active_public,high,ready_for_card_seed_details,uco-bank-sbi-card-prime
IN,SBI Card,UCO Bank SimplySAVE SBI Card,uco-bank-simplysave-sbi-card,SBI Reward Points,sbi-reward-points,IN,INR,100_inr,active_public,high,ready_for_card_seed_details,uco-bank-simplysave-sbi-card
IN,SBI Card,Central Bank of India SBI Card ELITE,central-bank-of-india-sbi-card-elite,SBI Reward Points,sbi-reward-points,IN,INR,100_inr,active_public,high,ready_for_card_seed_details,central-bank-of-india-sbi-card-elite
IN,SBI Card,Central Bank of India SBI Card PRIME,central-bank-of-india-sbi-card-prime,SBI Reward Points,sbi-reward-points,IN,INR,100_inr,active_public,high,ready_for_card_seed_details,central-bank-of-india-sbi-card-prime
IN,SBI Card,Central Bank of India SimplySAVE SBI Card,central-bank-of-india-simplysave-sbi-card,SBI Reward Points,sbi-reward-points,IN,INR,100_inr,active_public,high,ready_for_card_seed_details,central-bank-of-india-simplysave-sbi-card
IN,SBI Card,City Union Bank SBI Card PRIME,city-union-bank-sbi-card-prime,SBI Reward Points,sbi-reward-points,IN,INR,100_inr,active_public,high,ready_for_card_seed_details,city-union-bank-sbi-card-prime
IN,SBI Card,City Union Bank SimplySAVE SBI Card,city-union-bank-simplysave-sbi-card,SBI Reward Points,sbi-reward-points,IN,INR,100_inr,active_public,high,ready_for_card_seed_details,city-union-bank-simplysave-sbi-card
IN,SBI Card,Karnataka Bank SBI Card PRIME,karnataka-bank-sbi-card-prime,SBI Reward Points,sbi-reward-points,IN,INR,100_inr,active_public,high,ready_for_card_seed_details,karnataka-bank-sbi-card-prime
IN,SBI Card,Karnataka Bank SimplySAVE SBI Card,karnataka-bank-simplysave-sbi-card,SBI Reward Points,sbi-reward-points,IN,INR,100_inr,active_public,high,ready_for_card_seed_details,karnataka-bank-simplysave-sbi-card
IN,SBI Card,South Indian Bank SBI Card PRIME,south-indian-bank-sbi-card-prime,SBI Reward Points,sbi-reward-points,IN,INR,100_inr,active_public,high,ready_for_card_seed_details,south-indian-bank-sbi-card-prime
IN,ICICI Bank,Emeralde Private Metal Credit Card,emeralde-private-metal-credit-card,ICICI Rewards,icici-rewards,IN,INR,100_inr,active_public,high,ready_for_card_seed_details,emeralde-private-metal-credit-card
IN,ICICI Bank,Times Black Credit Card,times-black-credit-card,ICICI Rewards,icici-rewards,IN,INR,100_inr,active_public,high,ready_for_card_seed_details,times-black-credit-card
IN,ICICI Bank,Emeralde Credit Card,emeralde-credit-card,ICICI Rewards,icici-rewards,IN,INR,100_inr,active_public,high,ready_for_card_seed_details,emeralde-credit-card
IN,ICICI Bank,Sapphiro Credit Card,sapphiro-credit-card,ICICI Rewards,icici-rewards,IN,INR,100_inr,active_public,high,ready_for_card_seed_details,sapphiro-credit-card
IN,ICICI Bank,Rubyx Credit Card,rubyx-credit-card,ICICI Rewards,icici-rewards,IN,INR,100_inr,active_public,high,ready_for_card_seed_details,rubyx-credit-card
IN,ICICI Bank,Coral Credit Card,coral-credit-card,ICICI Rewards,icici-rewards,IN,INR,100_inr,active_public,high,ready_for_card_seed_details,coral-credit-card
IN,ICICI Bank,Platinum Chip Credit Card,platinum-chip-credit-card,ICICI Rewards,icici-rewards,IN,INR,100_inr,active_public,high,ready_for_card_seed_details,platinum-chip-credit-card
IN,ICICI Bank,Adani One Signature Credit Card,adani-one-signature-credit-card,Adani One Rewards,adani-one-rewards,IN,INR,100_inr,active_public,high,ready_for_card_seed_details,adani-one-signature-credit-card
IN,ICICI Bank,Adani One Platinum Credit Card,adani-one-platinum-credit-card,Adani One Rewards,adani-one-rewards,IN,INR,100_inr,active_public,high,ready_for_card_seed_details,adani-one-platinum-credit-card
IN,ICICI Bank,MakeMyTrip Credit Card,makemytrip-credit-card,MakeMyTrip Rewards,makemytrip-rewards,IN,INR,100_inr,active_public,high,ready_for_card_seed_details,makemytrip-credit-card
IN,ICICI Bank,Emirates Emeralde Credit Card,emirates-emeralde-credit-card,Emirates Skywards,emirates-skywards,IN,INR,100_inr,active_public,high,ready_for_card_seed_details,emirates-emeralde-credit-card
IN,ICICI Bank,Emirates Sapphiro Credit Card,emirates-sapphiro-credit-card,Emirates Skywards,emirates-skywards,IN,INR,100_inr,active_public,high,ready_for_card_seed_details,emirates-sapphiro-credit-card
IN,ICICI Bank,Emirates Skywards Rubyx Credit Card,emirates-skywards-rubyx-credit-card,Emirates Skywards,emirates-skywards,IN,INR,100_inr,active_public,high,ready_for_card_seed_details,emirates-skywards-rubyx-credit-card
IN,ICICI Bank,MakeMyTrip Signature Credit Card,makemytrip-signature-credit-card,MakeMyTrip Rewards,makemytrip-rewards,IN,INR,100_inr,active_public,high,ready_for_card_seed_details,makemytrip-signature-credit-card
IN,ICICI Bank,MakeMyTrip Platinum Credit Card,makemytrip-platinum-credit-card,MakeMyTrip Rewards,makemytrip-rewards,IN,INR,100_inr,active_public,high,ready_for_card_seed_details,makemytrip-platinum-credit-card
IN,ICICI Bank,Amazon Pay Credit Card,amazon-pay-credit-card,Amazon Pay Cashback,amazon-pay-cashback,IN,INR,100_inr,active_public,high,ready_for_card_seed_details,amazon-pay-credit-card
IN,ICICI Bank,HPCL Super Saver Credit Card,hpcl-super-saver-credit-card,HPCL Rewards,hpcl-rewards,IN,INR,100_inr,active_public,high,ready_for_card_seed_details,hpcl-super-saver-credit-card
IN,ICICI Bank,HPCL Coral Credit Card,hpcl-coral-credit-card,HPCL Rewards,hpcl-rewards,IN,INR,100_inr,active_public,high,ready_for_card_seed_details,hpcl-coral-credit-card
IN,ICICI Bank,Expression Credit Card,expression-credit-card,ICICI Rewards,icici-rewards,IN,INR,100_inr,active_public,high,ready_for_card_seed_details,expression-credit-card
IN,ICICI Bank,Manchester United Signature Credit Card,manchester-united-signature-credit-card,Manchester United Rewards,manchester-united-rewards,IN,INR,100_inr,active_public,high,ready_for_card_seed_details,manchester-united-signature-credit-card
IN,ICICI Bank,Manchester United Platinum Credit Card,manchester-united-platinum-credit-card,Manchester United Rewards,manchester-united-rewards,IN,INR,100_inr,active_public,high,ready_for_card_seed_details,manchester-united-platinum-credit-card
IN,ICICI Bank,Chennai Super Kings Credit Card,chennai-super-kings-credit-card,CSK Rewards,csk-rewards,IN,INR,100_inr,active_public,high,ready_for_card_seed_details,chennai-super-kings-credit-card
IN,ICICI Bank,Parakram Select Credit Card,parakram-select-credit-card,ICICI Rewards,icici-rewards,IN,INR,100_inr,active_public,high,ready_for_card_seed_details,parakram-select-credit-card
IN,ICICI Bank,Parakram Credit Card,parakram-credit-card,ICICI Rewards,icici-rewards,IN,INR,100_inr,active_public,high,ready_for_card_seed_details,parakram-credit-card
IN,American Express India,American Express Platinum Card,american-express-platinum-card,Amex Membership Rewards India,amex-membership-rewards-india,IN,INR,100_inr,active_public,high,ready_for_card_seed_details,american-express-platinum-card
IN,American Express India,American Express Platinum Travel Credit Card,american-express-platinum-travel-credit-card,Amex Membership Rewards India,amex-membership-rewards-india,IN,INR,100_inr,active_public,high,ready_for_card_seed_details,american-express-platinum-travel-credit-card
IN,American Express India,American Express Membership Rewards Credit Card,american-express-membership-rewards-credit-card,Amex Membership Rewards India,amex-membership-rewards-india,IN,INR,100_inr,active_public,high,ready_for_card_seed_details,american-express-membership-rewards-credit-card
IN,American Express India,American Express SmartEarn Credit Card,american-express-smartearn-credit-card,Amex Membership Rewards India,amex-membership-rewards-india,IN,INR,100_inr,active_public,high,ready_for_card_seed_details,american-express-smartearn-credit-card
IN,American Express India,American Express Gold Card,american-express-gold-card,Amex Membership Rewards India,amex-membership-rewards-india,IN,INR,100_inr,active_public,high,ready_for_card_seed_details,american-express-gold-card
IN,American Express India,American Express Platinum Reserve Credit Card,american-express-platinum-reserve-credit-card,Amex Membership Rewards India,amex-membership-rewards-india,IN,INR,100_inr,active_public,high,ready_for_card_seed_details,american-express-platinum-reserve-credit-card
IN,Standard Chartered India,Ultimate Credit Card,ultimate-credit-card,Standard Chartered Rewards,standard-chartered-rewards,IN,INR,100_inr,active_public,high,ready_for_card_seed_details,ultimate-credit-card
IN,Standard Chartered India,Smart Credit Card,smart-credit-card,Standard Chartered Cashback,standard-chartered-cashback,IN,INR,100_inr,active_public,high,ready_for_card_seed_details,smart-credit-card
IN,Standard Chartered India,DigiSmart Credit Card,digismart-credit-card,Standard Chartered Cashback,standard-chartered-cashback,IN,INR,100_inr,active_public,high,ready_for_card_seed_details,digismart-credit-card
IN,Standard Chartered India,Rewards Credit Card,rewards-credit-card,Standard Chartered 360 Rewards,standard-chartered-360-rewards,IN,INR,100_inr,active_public,high,ready_for_card_seed_details,rewards-credit-card
IN,Standard Chartered India,Super Value Titanium Credit Card,super-value-titanium-credit-card,Standard Chartered Cashback,standard-chartered-cashback,IN,INR,100_inr,active_public,high,ready_for_card_seed_details,super-value-titanium-credit-card
IN,Standard Chartered India,Platinum Rewards Credit Card,platinum-rewards-credit-card,Standard Chartered 360 Rewards,standard-chartered-360-rewards,IN,INR,100_inr,active_public,high,ready_for_card_seed_details,platinum-rewards-credit-card
IN,Standard Chartered India,Manhattan Platinum Credit Card,manhattan-platinum-credit-card,Standard Chartered Cashback,standard-chartered-cashback,IN,INR,100_inr,active_public,high,ready_for_card_seed_details,manhattan-platinum-credit-card
IN,Standard Chartered India,EaseMyTrip Credit Card,easemytrip-credit-card,EaseMyTrip Rewards,easemytrip-rewards,IN,INR,100_inr,active_public,high,ready_for_card_seed_details,easemytrip-credit-card
IN,Standard Chartered India,Titanium Credit Card,titanium-credit-card,Standard Chartered Rewards,standard-chartered-rewards,IN,INR,100_inr,active_public,high,ready_for_card_seed_details,titanium-credit-card
IN,HSBC India,HSBC TravelOne Credit Card,hsbc-travelone-credit-card,HSBC TravelOne Rewards,hsbc-travelone-rewards,IN,INR,100_inr,active_public,high,ready_for_card_seed_details,hsbc-travelone-credit-card
IN,HSBC India,HSBC Live+ Credit Card,hsbc-live-credit-card,HSBC Cashback,hsbc-cashback-india,IN,INR,100_inr,active_public,high,ready_for_card_seed_details,hsbc-live-credit-card
IN,HSBC India,HSBC Premier Credit Card,hsbc-premier-credit-card,HSBC Rewards,hsbc-rewards-india,IN,INR,100_inr,active_public,high,ready_for_card_seed_details,hsbc-premier-credit-card
IN,HSBC India,HSBC Visa Platinum Credit Card,hsbc-visa-platinum-credit-card,HSBC Rewards,hsbc-rewards-india,IN,INR,100_inr,active_public,high,ready_for_card_seed_details,hsbc-visa-platinum-credit-card
IN,HSBC India,HSBC RuPay Cashback Credit Card,hsbc-rupay-cashback-credit-card,HSBC Cashback,hsbc-cashback-india,IN,INR,100_inr,active_public,high,ready_for_card_seed_details,hsbc-rupay-cashback-credit-card
IN,HSBC India,HSBC RuPay Platinum Credit Card,hsbc-rupay-platinum-credit-card,HSBC Rewards,hsbc-rewards-india,IN,INR,100_inr,active_public,high,ready_for_card_seed_details,hsbc-rupay-platinum-credit-card
IN,IDFC FIRST Bank,FIRST WOW! Credit Card,first-wow-credit-card,IDFC FIRST Rewards,idfc-first-rewards,IN,INR,100_inr,active_public,high,ready_for_card_seed_details,first-wow-credit-card
IN,IDFC FIRST Bank,FIRST Select Credit Card,first-select-credit-card,IDFC FIRST Rewards,idfc-first-rewards,IN,INR,100_inr,active_public,high,ready_for_card_seed_details,first-select-credit-card
IN,IDFC FIRST Bank,FIRST Wealth Credit Card,first-wealth-credit-card,IDFC FIRST Rewards,idfc-first-rewards,IN,INR,100_inr,active_public,medium,ready_for_card_seed_details,first-wealth-credit-card
IN,IDFC FIRST Bank,Ashva Credit Card,ashva-credit-card,IDFC FIRST Rewards,idfc-first-rewards,IN,INR,100_inr,active_public,high,ready_for_card_seed_details,ashva-credit-card
IN,IDFC FIRST Bank,Mayura Credit Card,mayura-credit-card,IDFC FIRST Rewards,idfc-first-rewards,IN,INR,100_inr,active_public,high,ready_for_card_seed_details,mayura-credit-card
IN,IDFC FIRST Bank,FIRST Private Credit Card,first-private-credit-card,IDFC FIRST Rewards,idfc-first-rewards,IN,INR,100_inr,active_public,high,ready_for_card_seed_details,first-private-credit-card
IN,IndusInd Bank,Pinnacle Credit Card,pinnacle-credit-card,IndusMoments,indusmoments,IN,INR,100_inr,active_public,high,ready_for_card_seed_details,pinnacle-credit-card
IN,IndusInd Bank,Nexxt Credit Card,nexxt-credit-card,IndusMoments,indusmoments,IN,INR,100_inr,active_public,high,ready_for_card_seed_details,nexxt-credit-card
IN,IndusInd Bank,Samman RuPay Credit Card,samman-rupay-credit-card,IndusMoments,indusmoments,IN,INR,100_inr,active_public,high,ready_for_card_seed_details,samman-rupay-credit-card
IN,IndusInd Bank,Tiger Credit Card,tiger-credit-card,IndusMoments,indusmoments,IN,INR,100_inr,active_public,high,ready_for_card_seed_details,tiger-credit-card
IN,IndusInd Bank,Legend Credit Card,legend-credit-card,IndusMoments,indusmoments,IN,INR,100_inr,active_public,high,ready_for_card_seed_details,legend-credit-card
IN,IndusInd Bank,Indulge Credit Card,indulge-credit-card,IndusMoments,indusmoments,IN,INR,100_inr,active_public,high,ready_for_card_seed_details,indulge-credit-card
IN,IndusInd Bank,Crest Credit Card,crest-credit-card,IndusMoments,indusmoments,IN,INR,100_inr,active_public,medium,ready_for_card_seed_details,crest-credit-card
IN,IndusInd Bank,Signature Credit Card,signature-credit-card,IndusMoments,indusmoments,IN,INR,100_inr,active_public,medium,ready_for_card_seed_details,signature-credit-card
IN,IndusInd Bank,Iconia Visa Credit Card,iconia-visa-credit-card,IndusMoments,indusmoments,IN,INR,100_inr,active_public,medium,ready_for_card_seed_details,iconia-visa-credit-card
IN,IndusInd Bank,Iconia Amex Credit Card,iconia-amex-credit-card,IndusMoments,indusmoments,IN,INR,100_inr,active_public,medium,ready_for_card_seed_details,iconia-amex-credit-card
IN,IndusInd Bank,Platinum RuPay Credit Card,platinum-rupay-credit-card,IndusMoments,indusmoments,IN,INR,100_inr,active_public,medium,ready_for_card_seed_details,platinum-rupay-credit-card
IN,IndusInd Bank,Platinum Aura Credit Card,platinum-aura-credit-card,IndusMoments,indusmoments,IN,INR,100_inr,active_public,medium,ready_for_card_seed_details,platinum-aura-credit-card
IN,IndusInd Bank,Platinum Aura Edge Credit Card,platinum-aura-edge-credit-card,IndusMoments,indusmoments,IN,INR,100_inr,active_public,medium,ready_for_card_seed_details,platinum-aura-edge-credit-card
IN,IndusInd Bank,Platinum Select Credit Card,platinum-select-credit-card,IndusMoments,indusmoments,IN,INR,100_inr,active_public,medium,ready_for_card_seed_details,platinum-select-credit-card
IN,Federal Bank,Visa Signet Credit Card,visa-signet-credit-card,Federal Rewards,federal-rewards,IN,INR,100_inr,active_public,high,ready_for_card_seed_details,visa-signet-credit-card
IN,Federal Bank,RuPay Signet Credit Card,rupay-signet-credit-card,Federal Rewards,federal-rewards,IN,INR,100_inr,active_public,medium,ready_for_card_seed_details,rupay-signet-credit-card
IN,Federal Bank,Imperio Credit Card,imperio-credit-card,Federal Rewards,federal-rewards,IN,INR,100_inr,active_public,medium,ready_for_card_seed_details,imperio-credit-card
IN,Federal Bank,Celesta Credit Card,celesta-credit-card,Federal Rewards,federal-rewards,IN,INR,100_inr,active_public,medium,ready_for_card_seed_details,celesta-credit-card
IN,YES BANK,MARQUEE Credit Card,marquee-credit-card,YES Rewardz,yes-rewardz,IN,INR,100_inr,active_public,high,ready_for_card_seed_details,marquee-credit-card
IN,YES BANK,RESERV Credit Card,reserv-credit-card,YES Rewardz,yes-rewardz,IN,INR,100_inr,active_public,high,ready_for_card_seed_details,reserv-credit-card
IN,YES BANK,ELITE+ Credit Card,elite-credit-card,YES Rewardz,yes-rewardz,IN,INR,100_inr,active_public,high,ready_for_card_seed_details,elite-credit-card
IN,YES BANK,SELECT Credit Card,select-credit-card,YES Rewardz,yes-rewardz,IN,INR,100_inr,active_public,high,ready_for_card_seed_details,select-credit-card
IN,YES BANK,ACE Credit Card,ace-credit-card,YES Rewardz,yes-rewardz,IN,INR,100_inr,active_public,high,ready_for_card_seed_details,ace-credit-card
IN,YES BANK,YES First Business Credit Card,yes-first-business-credit-card,YES Rewardz,yes-rewardz,IN,INR,100_inr,active_public,high,ready_for_card_seed_details,yes-first-business-credit-card
IN,YES BANK,YES First Preferred Credit Card,yes-first-preferred-credit-card,YES Rewardz,yes-rewardz,IN,INR,100_inr,active_public,high,ready_for_card_seed_details,yes-first-preferred-credit-card
IN,YES BANK,YES First Exclusive Credit Card,yes-first-exclusive-credit-card,YES Rewardz,yes-rewardz,IN,INR,100_inr,active_public,high,ready_for_card_seed_details,yes-first-exclusive-credit-card
IN,YES BANK,Wellness Credit Card,wellness-credit-card,YES Rewardz,yes-rewardz,IN,INR,100_inr,active_public,high,ready_for_card_seed_details,wellness-credit-card
IN,YES BANK,Wellness Plus Credit Card,wellness-plus-credit-card,YES Rewardz,yes-rewardz,IN,INR,100_inr,active_public,high,ready_for_card_seed_details,wellness-plus-credit-card
IN,YES BANK,BYOC Credit Card,byoc-credit-card,YES Rewardz,yes-rewardz,IN,INR,100_inr,active_public,high,ready_for_card_seed_details,byoc-credit-card
IN,YES BANK,EMI Credit Card,emi-credit-card,YES Rewardz,yes-rewardz,IN,INR,100_inr,active_public,high,ready_for_card_seed_details,emi-credit-card
IN,YES BANK,AI Inside Card,ai-inside-card,YES Rewardz,yes-rewardz,IN,INR,100_inr,active_public,high,ready_for_card_seed_details,ai-inside-card
IN,YES BANK,AI Inside RuPay Card,ai-inside-rupay-card,YES Rewardz,yes-rewardz,IN,INR,100_inr,active_public,high,ready_for_card_seed_details,ai-inside-rupay-card
IN,YES BANK,YES Private Credit Card,yes-private-credit-card,YES Rewardz,yes-rewardz,IN,INR,100_inr,active_public,high,ready_for_card_seed_details,yes-private-credit-card
IN,YES BANK,YES BANK ANQ Phi Credit Card,yes-bank-anq-phi-credit-card,YES Rewardz,yes-rewardz,IN,INR,100_inr,active_public,high,ready_for_card_seed_details,yes-bank-anq-phi-credit-card
IN,YES BANK,YES BANK ANQ Pi Credit Card,yes-bank-anq-pi-credit-card,YES Rewardz,yes-rewardz,IN,INR,100_inr,active_public,high,ready_for_card_seed_details,yes-bank-anq-pi-credit-card
IN,YES BANK,YES BANK Finbooster Credit Card,yes-bank-finbooster-credit-card,YES Rewardz,yes-rewardz,IN,INR,100_inr,active_public,high,ready_for_card_seed_details,yes-bank-finbooster-credit-card
IN,YES BANK,YES BANK Paisabazaar PaisaSave Credit Card,yes-bank-paisabazaar-paisasave-credit-card,YES Rewardz,yes-rewardz,IN,INR,100_inr,active_public,high,ready_for_card_seed_details,yes-bank-paisabazaar-paisasave-credit-card
IN,YES BANK,YES BANK POP-CLUB Credit Card,yes-bank-pop-club-credit-card,YES Rewardz,yes-rewardz,IN,INR,100_inr,active_public,high,ready_for_card_seed_details,yes-bank-pop-club-credit-card
IN,YES BANK,Rio Credit Card,rio-credit-card,YES Rewardz,yes-rewardz,IN,INR,100_inr,active_public,high,ready_for_card_seed_details,rio-credit-card
IN,Kotak Mahindra Bank,Kotak White Credit Card,kotak-white-credit-card,Kotak Reward Points,kotak-reward-points,IN,INR,100_inr,active_public,high,ready_for_card_seed_details,kotak-white-credit-card
IN,Kotak Mahindra Bank,PVR INOX Kotak Credit Card,pvr-inox-kotak-credit-card,PVR INOX Rewards,pvr-inox-rewards,IN,INR,100_inr,active_public,high,ready_for_card_seed_details,pvr-inox-kotak-credit-card
IN,Kotak Mahindra Bank,Kotak 811 Credit Card,kotak-811-credit-card,Kotak Reward Points,kotak-reward-points,IN,INR,100_inr,active_public,high,ready_for_card_seed_details,kotak-811-credit-card
IN,Kotak Mahindra Bank,Kotak Mojo Platinum Credit Card,kotak-mojo-platinum-credit-card,Kotak Mojo Points,kotak-mojo-points,IN,INR,100_inr,active_public,high,ready_for_card_seed_details,kotak-mojo-platinum-credit-card
IN,Kotak Mahindra Bank,Myntra Kotak Credit Card,myntra-kotak-credit-card,Kotak Reward Points,kotak-reward-points,IN,INR,100_inr,active_public,medium,ready_for_card_seed_details,myntra-kotak-credit-card
IN,Kotak Mahindra Bank,Royale Signature Credit Card,royale-signature-credit-card,Kotak Royale Rewards,kotak-royale-rewards,IN,INR,100_inr,active_public,medium,ready_for_card_seed_details,royale-signature-credit-card
IN,Kotak Mahindra Bank,Zen Signature Credit Card,zen-signature-credit-card,Kotak Zen Points,kotak-zen-points,IN,INR,100_inr,active_public,medium,ready_for_card_seed_details,zen-signature-credit-card
IN,Kotak Mahindra Bank,Kotak IndiGo Ka-ching 6E Rewards XL Credit Card,kotak-indigo-ka-ching-6e-rewards-xl-credit-card,IndiGo BluChip,indigo-bluchip,IN,INR,100_inr,active_public,medium,ready_for_card_seed_details,kotak-indigo-ka-ching-6e-rewards-xl-credit-card
IN,Kotak Mahindra Bank,Kotak IndiGo Ka-ching 6E Rewards Credit Card,kotak-indigo-ka-ching-6e-rewards-credit-card,IndiGo BluChip,indigo-bluchip,IN,INR,100_inr,active_public,medium,ready_for_card_seed_details,kotak-indigo-ka-ching-6e-rewards-credit-card
IN,RBL Bank,IRCTC RBL Bank Credit Card,irctc-rbl-bank-credit-card,IRCTC Reward Points,irctc-reward-points,IN,INR,100_inr,active_public,high,ready_for_card_seed_details,irctc-rbl-bank-credit-card
IN,RBL Bank,IndianOil RBL Bank XTRA Credit Card,indianoil-rbl-bank-xtra-credit-card,IndianOil XTRA Rewards,indianoil-xtra-rewards,IN,INR,100_inr,active_public,high,ready_for_card_seed_details,indianoil-rbl-bank-xtra-credit-card
IN,RBL Bank,IndianOil RBL Bank Credit Card,indianoil-rbl-bank-credit-card,IndianOil XTRA Rewards,indianoil-xtra-rewards,IN,INR,100_inr,active_public,high,ready_for_card_seed_details,indianoil-rbl-bank-credit-card
IN,RBL Bank,Icon Credit Card,icon-credit-card,RBL Rewards,rbl-rewards,IN,INR,100_inr,active_public,high,ready_for_card_seed_details,icon-credit-card
IN,RBL Bank,World Safari Credit Card,world-safari-credit-card,RBL Rewards,rbl-rewards,IN,INR,100_inr,active_public,high,ready_for_card_seed_details,world-safari-credit-card
IN,RBL Bank,RBL Bank QuickPay Credit Card,rbl-bank-quickpay-credit-card,RBL Rewards,rbl-rewards,IN,INR,100_inr,active_public,high,ready_for_card_seed_details,rbl-bank-quickpay-credit-card
IN,RBL Bank,RBL Bank iGlobe Credit Card,rbl-bank-iglobe-credit-card,RBL Rewards,rbl-rewards,IN,INR,100_inr,active_public,high,ready_for_card_seed_details,rbl-bank-iglobe-credit-card
IN,RBL Bank,Platinum Maxima Plus Credit Card,platinum-maxima-plus-credit-card,RBL Rewards,rbl-rewards,IN,INR,100_inr,active_public,high,ready_for_card_seed_details,platinum-maxima-plus-credit-card
IN,RBL Bank,Platinum Maxima Credit Card,platinum-maxima-credit-card,RBL Rewards,rbl-rewards,IN,INR,100_inr,active_public,high,ready_for_card_seed_details,platinum-maxima-credit-card
IN,RBL Bank,Platinum Delight Credit Card,platinum-delight-credit-card,RBL Rewards,rbl-rewards,IN,INR,100_inr,active_public,high,ready_for_card_seed_details,platinum-delight-credit-card
IN,RBL Bank,Shoprite Credit Card,shoprite-credit-card,RBL Cashback,rbl-cashback,IN,INR,100_inr,active_public,high,ready_for_card_seed_details,shoprite-credit-card
IN,RBL Bank,Cookies Credit Card,cookies-credit-card,RBL Rewards,rbl-rewards,IN,INR,100_inr,active_public,high,ready_for_card_seed_details,cookies-credit-card
IN,RBL Bank,RBL Bank Play Credit Card,rbl-bank-play-credit-card,RBL Rewards,rbl-rewards,IN,INR,100_inr,active_public,high,ready_for_card_seed_details,rbl-bank-play-credit-card
IN,RBL Bank,RBL Bank SalarySe UP Credit Card,rbl-bank-salaryse-up-credit-card,RBL Rewards,rbl-rewards,IN,INR,100_inr,active_public,high,ready_for_card_seed_details,rbl-bank-salaryse-up-credit-card
IN,RBL Bank,TVS Credit RBL Bank Gold Credit Card,tvs-credit-rbl-bank-gold-credit-card,RBL Rewards,rbl-rewards,IN,INR,100_inr,active_public,high,ready_for_card_seed_details,tvs-credit-rbl-bank-gold-credit-card
IN,RBL Bank,RBL Bank MoneyTap Credit Card,rbl-bank-moneytap-credit-card,RBL Rewards,rbl-rewards,IN,INR,100_inr,active_public,high,ready_for_card_seed_details,rbl-bank-moneytap-credit-card
IN,RBL Bank,RBL Bank Paisabazaar Duet Credit Card,rbl-bank-paisabazaar-duet-credit-card,RBL Cashback,rbl-cashback,IN,INR,100_inr,active_public,high,ready_for_card_seed_details,rbl-bank-paisabazaar-duet-credit-card
IN,RBL Bank,RBL Bank Paisabazaar Duet Plus Credit Card,rbl-bank-paisabazaar-duet-plus-credit-card,RBL Cashback,rbl-cashback,IN,INR,100_inr,active_public,high,ready_for_card_seed_details,rbl-bank-paisabazaar-duet-plus-credit-card
IN,RBL Bank,Insignia Preferred Banking Card,insignia-preferred-banking-card,RBL Rewards,rbl-rewards,IN,INR,100_inr,active_public,high,ready_for_card_seed_details,insignia-preferred-banking-card
IN,RBL Bank,Monthly Treats Credit Card,monthly-treats-credit-card,RBL Rewards,rbl-rewards,IN,INR,100_inr,active_public,high,ready_for_card_seed_details,monthly-treats-credit-card
IN,RBL Bank,RBL Bank Popcorn Credit Card,rbl-bank-popcorn-credit-card,RBL Rewards,rbl-rewards,IN,INR,100_inr,active_public,high,ready_for_card_seed_details,rbl-bank-popcorn-credit-card
IN,RBL Bank,RBL Bank Movies and More Credit Card,rbl-bank-movies-and-more-credit-card,RBL Rewards,rbl-rewards,IN,INR,100_inr,active_public,high,ready_for_card_seed_details,rbl-bank-movies-and-more-credit-card
IN,RBL Bank,RBL Bank Blockbuster Credit Card,rbl-bank-blockbuster-credit-card,RBL Rewards,rbl-rewards,IN,INR,100_inr,active_public,high,ready_for_card_seed_details,rbl-bank-blockbuster-credit-card
IN,RBL Bank,Titanium Delight Credit Card,titanium-delight-credit-card,RBL Rewards,rbl-rewards,IN,INR,100_inr,active_public,high,ready_for_card_seed_details,titanium-delight-credit-card
IN,RBL Bank,RBL Bank Fun+ Credit Card,rbl-bank-fun-credit-card,RBL Rewards,rbl-rewards,IN,INR,100_inr,active_public,high,ready_for_card_seed_details,rbl-bank-fun-credit-card
IN,RBL Bank,MoCash Credit Card,mocash-credit-card,RBL Rewards,rbl-rewards,IN,INR,100_inr,active_public,high,ready_for_card_seed_details,mocash-credit-card
IN,RBL Bank,Platinum LifeEasy Credit Card,platinum-lifeeasy-credit-card,RBL Rewards,rbl-rewards,IN,INR,100_inr,active_public,high,ready_for_card_seed_details,platinum-lifeeasy-credit-card
IN,RBL Bank,Platinum Edge Credit Card,platinum-edge-credit-card,RBL Rewards,rbl-rewards,IN,INR,100_inr,active_public,high,ready_for_card_seed_details,platinum-edge-credit-card
IN,RBL Bank,Platinum ShopDaily Credit Card,platinum-shopdaily-credit-card,RBL Cashback,rbl-cashback,IN,INR,100_inr,active_public,high,ready_for_card_seed_details,platinum-shopdaily-credit-card
IN,RBL Bank,Platinum Plus Credit Card,platinum-plus-credit-card,RBL Rewards,rbl-rewards,IN,INR,100_inr,active_public,high,ready_for_card_seed_details,platinum-plus-credit-card
IN,RBL Bank,World Prime Credit Card,world-prime-credit-card,RBL Rewards,rbl-rewards,IN,INR,100_inr,active_public,high,ready_for_card_seed_details,world-prime-credit-card
US,Chase,Chase Sapphire Reserve,chase-sapphire-reserve,Chase Ultimate Rewards,chase-ultimate-rewards,US,USD,1_dollar,active_public,high,ready_for_card_seed_details,chase-sapphire-reserve
US,Chase,Chase Sapphire Preferred,chase-sapphire-preferred,Chase Ultimate Rewards,chase-ultimate-rewards,US,USD,1_dollar,active_public,high,ready_for_card_seed_details,chase-sapphire-preferred
US,Chase,Chase Freedom Flex,chase-freedom-flex,Chase Ultimate Rewards,chase-ultimate-rewards,US,USD,1_dollar,active_public,high,ready_for_card_seed_details,chase-freedom-flex
US,Chase,Chase Freedom Unlimited,chase-freedom-unlimited,Chase Ultimate Rewards,chase-ultimate-rewards,US,USD,1_dollar,active_public,high,ready_for_card_seed_details,chase-freedom-unlimited
US,Chase,Slate Edge,slate-edge,Statement Credit,statement-credit,US,USD,1_dollar,active_public,high,ready_for_card_seed_details,slate-edge
US,Chase,Prime Visa,prime-visa,Amazon Rewards,amazon-rewards,US,USD,1_dollar,active_public,high,ready_for_card_seed_details,prime-visa
US,Chase,Amazon Visa,amazon-visa,Amazon Rewards,amazon-rewards,US,USD,1_dollar,active_public,high,ready_for_card_seed_details,amazon-visa
US,Chase,Prime Store Card,prime-store-card,Amazon Rewards,amazon-rewards,US,USD,1_dollar,active_public,high,ready_for_card_seed_details,prime-store-card
US,Chase,Southwest Rapid Rewards Priority Credit Card,southwest-rapid-rewards-priority-credit-card,Southwest Rapid Rewards,southwest-rapid-rewards,US,USD,1_dollar,active_public,high,ready_for_card_seed_details,southwest-rapid-rewards-priority-credit-card
US,Chase,Southwest Rapid Rewards Premier Credit Card,southwest-rapid-rewards-premier-credit-card,Southwest Rapid Rewards,southwest-rapid-rewards,US,USD,1_dollar,active_public,high,ready_for_card_seed_details,southwest-rapid-rewards-premier-credit-card
US,Chase,Southwest Rapid Rewards Plus Credit Card,southwest-rapid-rewards-plus-credit-card,Southwest Rapid Rewards,southwest-rapid-rewards,US,USD,1_dollar,active_public,high,ready_for_card_seed_details,southwest-rapid-rewards-plus-credit-card
US,Chase,United Explorer Card,united-explorer-card,United MileagePlus,united-mileageplus,US,USD,1_dollar,active_public,high,ready_for_card_seed_details,united-explorer-card
US,Chase,United Gateway Card,united-gateway-card,United MileagePlus,united-mileageplus,US,USD,1_dollar,active_public,high,ready_for_card_seed_details,united-gateway-card
US,Chase,United Quest Card,united-quest-card,United MileagePlus,united-mileageplus,US,USD,1_dollar,active_public,high,ready_for_card_seed_details,united-quest-card
US,Chase,United Club Card,united-club-card,United MileagePlus,united-mileageplus,US,USD,1_dollar,active_public,high,ready_for_card_seed_details,united-club-card
US,Chase,Marriott Bonvoy Boundless Card,marriott-bonvoy-boundless-card,Marriott Bonvoy,marriott-bonvoy,US,USD,1_dollar,active_public,high,ready_for_card_seed_details,marriott-bonvoy-boundless-card
US,Chase,Marriott Bonvoy Bold Card,marriott-bonvoy-bold-card,Marriott Bonvoy,marriott-bonvoy,US,USD,1_dollar,active_public,high,ready_for_card_seed_details,marriott-bonvoy-bold-card
US,Chase,Marriott Bonvoy Bountiful Card,marriott-bonvoy-bountiful-card,Marriott Bonvoy,marriott-bonvoy,US,USD,1_dollar,active_public,high,ready_for_card_seed_details,marriott-bonvoy-bountiful-card
US,Chase,IHG One Rewards Premier Credit Card,ihg-one-rewards-premier-credit-card,IHG One Rewards,ihg-one-rewards,US,USD,1_dollar,active_public,high,ready_for_card_seed_details,ihg-one-rewards-premier-credit-card
US,Chase,IHG One Rewards Traveler Credit Card,ihg-one-rewards-traveler-credit-card,IHG One Rewards,ihg-one-rewards,US,USD,1_dollar,active_public,high,ready_for_card_seed_details,ihg-one-rewards-traveler-credit-card
US,Chase,World of Hyatt Credit Card,world-of-hyatt-credit-card,World of Hyatt,world-of-hyatt,US,USD,1_dollar,active_public,high,ready_for_card_seed_details,world-of-hyatt-credit-card
US,Chase,World of Hyatt Business Credit Card,world-of-hyatt-business-credit-card,World of Hyatt,world-of-hyatt,US,USD,1_dollar,active_public,high,ready_for_card_seed_details,world-of-hyatt-business-credit-card
US,Chase,Aeroplan Credit Card,aeroplan-credit-card,Air Canada Aeroplan,aeroplan,US,USD,1_dollar,active_public,high,ready_for_card_seed_details,aeroplan-credit-card
US,Chase,Disney Visa Card,disney-visa-card,Disney Rewards,disney-rewards,US,USD,1_dollar,active_public,high,ready_for_card_seed_details,disney-visa-card
US,Chase,Disney Premier Visa Card,disney-premier-visa-card,Disney Rewards,disney-rewards,US,USD,1_dollar,active_public,high,ready_for_card_seed_details,disney-premier-visa-card
US,Chase,Ink Business Preferred Credit Card,ink-business-preferred-credit-card,Chase Ultimate Rewards,chase-ultimate-rewards,US,USD,1_dollar,active_public,high,ready_for_card_seed_details,ink-business-preferred-credit-card
US,Chase,Ink Business Unlimited Credit Card,ink-business-unlimited-credit-card,Chase Ultimate Rewards,chase-ultimate-rewards,US,USD,1_dollar,active_public,high,ready_for_card_seed_details,ink-business-unlimited-credit-card
US,Chase,Ink Business Cash Credit Card,ink-business-cash-credit-card,Chase Ultimate Rewards,chase-ultimate-rewards,US,USD,1_dollar,active_public,high,ready_for_card_seed_details,ink-business-cash-credit-card
US,American Express,The Platinum Card,the-platinum-card,Amex Membership Rewards,amex-membership-rewards,US,USD,1_dollar,active_public,high,ready_for_card_seed_details,the-platinum-card
US,American Express,American Express Gold Card,american-express-gold-card,Amex Membership Rewards,amex-membership-rewards,US,USD,1_dollar,active_public,high,ready_for_card_seed_details,american-express-gold-card
US,American Express,American Express Green Card,american-express-green-card,Amex Membership Rewards,amex-membership-rewards,US,USD,1_dollar,active_public,high,ready_for_card_seed_details,american-express-green-card
US,American Express,American Express EveryDay Preferred Credit Card,american-express-everyday-preferred-credit-card,Amex Membership Rewards,amex-membership-rewards,US,USD,1_dollar,active_public,medium,ready_for_card_seed_details,american-express-everyday-preferred-credit-card
US,American Express,American Express EveryDay Credit Card,american-express-everyday-credit-card,Amex Membership Rewards,amex-membership-rewards,US,USD,1_dollar,active_public,medium,ready_for_card_seed_details,american-express-everyday-credit-card
US,American Express,Blue Cash Preferred Card,blue-cash-preferred-card,Amex Cashback,amex-cashback,US,USD,1_dollar,active_public,high,ready_for_card_seed_details,blue-cash-preferred-card
US,American Express,Blue Cash Everyday Card,blue-cash-everyday-card,Amex Cashback,amex-cashback,US,USD,1_dollar,active_public,high,ready_for_card_seed_details,blue-cash-everyday-card
US,American Express,Cash Magnet Card,cash-magnet-card,Amex Cashback,amex-cashback,US,USD,1_dollar,active_public,high,ready_for_card_seed_details,cash-magnet-card
US,American Express,Hilton Honors American Express Card,hilton-honors-american-express-card,Hilton Honors,hilton-honors,US,USD,1_dollar,active_public,high,ready_for_card_seed_details,hilton-honors-american-express-card
US,American Express,Hilton Honors American Express Surpass Card,hilton-honors-american-express-surpass-card,Hilton Honors,hilton-honors,US,USD,1_dollar,active_public,high,ready_for_card_seed_details,hilton-honors-american-express-surpass-card
US,American Express,Hilton Honors American Express Aspire Card,hilton-honors-american-express-aspire-card,Hilton Honors,hilton-honors,US,USD,1_dollar,active_public,high,ready_for_card_seed_details,hilton-honors-american-express-aspire-card
US,American Express,Delta SkyMiles Gold American Express Card,delta-skymiles-gold-american-express-card,Delta SkyMiles,delta-skymiles,US,USD,1_dollar,active_public,high,ready_for_card_seed_details,delta-skymiles-gold-american-express-card
US,American Express,Delta SkyMiles Platinum American Express Card,delta-skymiles-platinum-american-express-card,Delta SkyMiles,delta-skymiles,US,USD,1_dollar,active_public,high,ready_for_card_seed_details,delta-skymiles-platinum-american-express-card
US,American Express,Delta SkyMiles Reserve American Express Card,delta-skymiles-reserve-american-express-card,Delta SkyMiles,delta-skymiles,US,USD,1_dollar,active_public,high,ready_for_card_seed_details,delta-skymiles-reserve-american-express-card
US,American Express,Marriott Bonvoy Bevy American Express Card,marriott-bonvoy-bevy-american-express-card,Marriott Bonvoy,marriott-bonvoy,US,USD,1_dollar,active_public,high,ready_for_card_seed_details,marriott-bonvoy-bevy-american-express-card
US,American Express,Marriott Bonvoy Brilliant American Express Card,marriott-bonvoy-brilliant-american-express-card,Marriott Bonvoy,marriott-bonvoy,US,USD,1_dollar,active_public,high,ready_for_card_seed_details,marriott-bonvoy-brilliant-american-express-card
US,American Express,American Express Business Platinum Card,american-express-business-platinum-card,Amex Membership Rewards,amex-membership-rewards,US,USD,1_dollar,active_public,high,ready_for_card_seed_details,american-express-business-platinum-card
US,American Express,American Express Business Gold Card,american-express-business-gold-card,Amex Membership Rewards,amex-membership-rewards,US,USD,1_dollar,active_public,high,ready_for_card_seed_details,american-express-business-gold-card
US,American Express,Blue Business Plus Credit Card,blue-business-plus-credit-card,Amex Membership Rewards,amex-membership-rewards,US,USD,1_dollar,active_public,high,ready_for_card_seed_details,blue-business-plus-credit-card
US,American Express,Delta SkyMiles Gold Business American Express Card,delta-skymiles-gold-business-american-express-card,Delta SkyMiles,delta-skymiles,US,USD,1_dollar,active_public,high,ready_for_card_seed_details,delta-skymiles-gold-business-american-express-card
US,American Express,Delta SkyMiles Platinum Business American Express Card,delta-skymiles-platinum-business-american-express-card,Delta SkyMiles,delta-skymiles,US,USD,1_dollar,active_public,high,ready_for_card_seed_details,delta-skymiles-platinum-business-american-express-card
US,American Express,Delta SkyMiles Reserve Business American Express Card,delta-skymiles-reserve-business-american-express-card,Delta SkyMiles,delta-skymiles,US,USD,1_dollar,active_public,high,ready_for_card_seed_details,delta-skymiles-reserve-business-american-express-card
US,American Express,Hilton Honors American Express Business Card,hilton-honors-american-express-business-card,Hilton Honors,hilton-honors,US,USD,1_dollar,active_public,high,ready_for_card_seed_details,hilton-honors-american-express-business-card
US,American Express,Marriott Bonvoy Business American Express Card,marriott-bonvoy-business-american-express-card,Marriott Bonvoy,marriott-bonvoy,US,USD,1_dollar,active_public,high,ready_for_card_seed_details,marriott-bonvoy-business-american-express-card
US,Capital One,Capital One Venture X Rewards Credit Card,capital-one-venture-x-rewards-credit-card,Capital One Miles,capital-one-miles,US,USD,1_dollar,active_public,high,ready_for_card_seed_details,capital-one-venture-x-rewards-credit-card
US,Capital One,Capital One Venture Rewards Credit Card,capital-one-venture-rewards-credit-card,Capital One Miles,capital-one-miles,US,USD,1_dollar,active_public,high,ready_for_card_seed_details,capital-one-venture-rewards-credit-card
US,Capital One,Capital One VentureOne Rewards Credit Card,capital-one-ventureone-rewards-credit-card,Capital One Miles,capital-one-miles,US,USD,1_dollar,active_public,high,ready_for_card_seed_details,capital-one-ventureone-rewards-credit-card
US,Capital One,Capital One Savor Rewards Credit Card,capital-one-savor-rewards-credit-card,Capital One Cashback,capital-one-cashback,US,USD,1_dollar,active_public,high,ready_for_card_seed_details,capital-one-savor-rewards-credit-card
US,Capital One,Capital One Quicksilver Cash Rewards Credit Card,capital-one-quicksilver-cash-rewards-credit-card,Capital One Cashback,capital-one-cashback,US,USD,1_dollar,active_public,high,ready_for_card_seed_details,capital-one-quicksilver-cash-rewards-credit-card
US,Capital One,Capital One Quicksilver Secured Cash Rewards Credit Card,capital-one-quicksilver-secured-cash-rewards-credit-card,Capital One Cashback,capital-one-cashback,US,USD,1_dollar,active_public,high,ready_for_card_seed_details,capital-one-quicksilver-secured-cash-rewards-credit-card
US,Capital One,Capital One Platinum Mastercard,capital-one-platinum-mastercard,Statement Credit,statement-credit,US,USD,1_dollar,active_public,high,ready_for_card_seed_details,capital-one-platinum-mastercard
US,Capital One,Capital One Venture X Business,capital-one-venture-x-business,Capital One Miles,capital-one-miles,US,USD,1_dollar,active_public,high,ready_for_card_seed_details,capital-one-venture-x-business
US,Capital One,Capital One Spark Cash Plus,capital-one-spark-cash-plus,Capital One Cashback,capital-one-cashback,US,USD,1_dollar,active_public,high,ready_for_card_seed_details,capital-one-spark-cash-plus
US,Capital One,Capital One Spark Miles for Business,capital-one-spark-miles-for-business,Capital One Miles,capital-one-miles,US,USD,1_dollar,active_public,high,ready_for_card_seed_details,capital-one-spark-miles-for-business
US,Capital One,Capital One Spark Cash Select,capital-one-spark-cash-select,Capital One Cashback,capital-one-cashback,US,USD,1_dollar,active_public,high,ready_for_card_seed_details,capital-one-spark-cash-select
US,Capital One,Capital One Spark 1 Percent Classic,capital-one-spark-1-percent-classic,Capital One Cashback,capital-one-cashback,US,USD,1_dollar,active_public,high,ready_for_card_seed_details,capital-one-spark-1-percent-classic
US,Citi,Citi Strata Premier Card,citi-strata-premier-card,Citi ThankYou Rewards,citi-thankyou-rewards,US,USD,1_dollar,active_public,high,ready_for_card_seed_details,citi-strata-premier-card
US,Citi,Citi Double Cash Card,citi-double-cash-card,Citi ThankYou Rewards,citi-thankyou-rewards,US,USD,1_dollar,active_public,high,ready_for_card_seed_details,citi-double-cash-card
US,Citi,Citi Custom Cash Card,citi-custom-cash-card,Citi ThankYou Rewards,citi-thankyou-rewards,US,USD,1_dollar,active_public,high,ready_for_card_seed_details,citi-custom-cash-card
US,Citi,Citi Rewards+ Card,citi-rewards-card,Citi ThankYou Rewards,citi-thankyou-rewards,US,USD,1_dollar,active_public,high,ready_for_card_seed_details,citi-rewards-card
US,Citi,Citi Diamond Preferred Card,citi-diamond-preferred-card,Statement Credit,statement-credit,US,USD,1_dollar,active_public,high,ready_for_card_seed_details,citi-diamond-preferred-card
US,Citi,Citi Simplicity Card,citi-simplicity-card,Statement Credit,statement-credit,US,USD,1_dollar,active_public,high,ready_for_card_seed_details,citi-simplicity-card
US,Citi,Costco Anywhere Visa Card by Citi,costco-anywhere-visa-card-by-citi,Costco Cashback,costco-cashback,US,USD,1_dollar,active_public,high,ready_for_card_seed_details,costco-anywhere-visa-card-by-citi
US,Citi,Citi AAdvantage Platinum Select World Elite Mastercard,citi-aadvantage-platinum-select-world-elite-mastercard,American AAdvantage,american-aadvantage,US,USD,1_dollar,active_public,high,ready_for_card_seed_details,citi-aadvantage-platinum-select-world-elite-mastercard
US,Citi,Citi AAdvantage Executive World Elite Mastercard,citi-aadvantage-executive-world-elite-mastercard,American AAdvantage,american-aadvantage,US,USD,1_dollar,active_public,high,ready_for_card_seed_details,citi-aadvantage-executive-world-elite-mastercard
US,Citi,Citi AAdvantage MileUp Card,citi-aadvantage-mileup-card,American AAdvantage,american-aadvantage,US,USD,1_dollar,active_public,high,ready_for_card_seed_details,citi-aadvantage-mileup-card
US,Bank of America,Bank of America Premium Rewards Elite Credit Card,bank-of-america-premium-rewards-elite-credit-card,Bank of America Rewards,bank-of-america-rewards,US,USD,1_dollar,active_public,high,ready_for_card_seed_details,bank-of-america-premium-rewards-elite-credit-card
US,Bank of America,Bank of America Premium Rewards Credit Card,bank-of-america-premium-rewards-credit-card,Bank of America Rewards,bank-of-america-rewards,US,USD,1_dollar,active_public,high,ready_for_card_seed_details,bank-of-america-premium-rewards-credit-card
US,Bank of America,Bank of America Travel Rewards Credit Card,bank-of-america-travel-rewards-credit-card,Bank of America Rewards,bank-of-america-rewards,US,USD,1_dollar,active_public,high,ready_for_card_seed_details,bank-of-america-travel-rewards-credit-card
US,Bank of America,Bank of America Unlimited Cash Rewards Credit Card,bank-of-america-unlimited-cash-rewards-credit-card,Bank of America Cashback,bank-of-america-cashback,US,USD,1_dollar,active_public,high,ready_for_card_seed_details,bank-of-america-unlimited-cash-rewards-credit-card
US,Bank of America,Bank of America Customized Cash Rewards Credit Card,bank-of-america-customized-cash-rewards-credit-card,Bank of America Cashback,bank-of-america-cashback,US,USD,1_dollar,active_public,high,ready_for_card_seed_details,bank-of-america-customized-cash-rewards-credit-card
US,Bank of America,BankAmericard Credit Card,bankamericard-credit-card,Statement Credit,statement-credit,US,USD,1_dollar,active_public,high,ready_for_card_seed_details,bankamericard-credit-card
US,Bank of America,Alaska Airlines Visa Signature Credit Card,alaska-airlines-visa-signature-credit-card,Alaska Mileage Plan,alaska-mileage-plan,US,USD,1_dollar,active_public,high,ready_for_card_seed_details,alaska-airlines-visa-signature-credit-card
US,Bank of America,Alaska Airlines Visa Business Card,alaska-airlines-visa-business-card,Alaska Mileage Plan,alaska-mileage-plan,US,USD,1_dollar,active_public,high,ready_for_card_seed_details,alaska-airlines-visa-business-card
US,Bank of America,Business Advantage Customized Cash Rewards Mastercard,business-advantage-customized-cash-rewards-mastercard,Bank of America Cashback,bank-of-america-cashback,US,USD,1_dollar,active_public,high,ready_for_card_seed_details,business-advantage-customized-cash-rewards-mastercard
US,Bank of America,Business Advantage Unlimited Cash Rewards Mastercard,business-advantage-unlimited-cash-rewards-mastercard,Bank of America Cashback,bank-of-america-cashback,US,USD,1_dollar,active_public,high,ready_for_card_seed_details,business-advantage-unlimited-cash-rewards-mastercard
US,Bank of America,Business Advantage Travel Rewards World Mastercard,business-advantage-travel-rewards-world-mastercard,Bank of America Rewards,bank-of-america-rewards,US,USD,1_dollar,active_public,high,ready_for_card_seed_details,business-advantage-travel-rewards-world-mastercard
US,Wells Fargo,Wells Fargo Autograph Journey Card,wells-fargo-autograph-journey-card,Wells Fargo Rewards,wells-fargo-rewards,US,USD,1_dollar,active_public,high,ready_for_card_seed_details,wells-fargo-autograph-journey-card
US,Wells Fargo,Wells Fargo Autograph Card,wells-fargo-autograph-card,Wells Fargo Rewards,wells-fargo-rewards,US,USD,1_dollar,active_public,high,ready_for_card_seed_details,wells-fargo-autograph-card
US,Wells Fargo,Wells Fargo Active Cash Card,wells-fargo-active-cash-card,Wells Fargo Cashback,wells-fargo-cashback,US,USD,1_dollar,active_public,high,ready_for_card_seed_details,wells-fargo-active-cash-card
US,Wells Fargo,Wells Fargo Reflect Card,wells-fargo-reflect-card,Statement Credit,statement-credit,US,USD,1_dollar,active_public,high,ready_for_card_seed_details,wells-fargo-reflect-card
US,Wells Fargo,Wells Fargo Attune Card,wells-fargo-attune-card,Wells Fargo Cashback,wells-fargo-cashback,US,USD,1_dollar,active_public,high,ready_for_card_seed_details,wells-fargo-attune-card
US,Wells Fargo,Choice Privileges Select Mastercard,choice-privileges-select-mastercard,Choice Privileges,choice-privileges,US,USD,1_dollar,active_public,high,ready_for_card_seed_details,choice-privileges-select-mastercard
US,Wells Fargo,Choice Privileges Mastercard,choice-privileges-mastercard,Choice Privileges,choice-privileges,US,USD,1_dollar,active_public,high,ready_for_card_seed_details,choice-privileges-mastercard
US,Wells Fargo,Signify Business Cash Card,signify-business-cash-card,Wells Fargo Cashback,wells-fargo-cashback,US,USD,1_dollar,active_public,high,ready_for_card_seed_details,signify-business-cash-card
US,U.S. Bank,U.S. Bank Altitude Reserve Visa Infinite Card,u-s-bank-altitude-reserve-visa-infinite-card,U.S. Bank Altitude Rewards,us-bank-altitude-rewards,US,USD,1_dollar,active_public,high,ready_for_card_seed_details,u-s-bank-altitude-reserve-visa-infinite-card
US,U.S. Bank,U.S. Bank Altitude Connect Visa Signature Card,u-s-bank-altitude-connect-visa-signature-card,U.S. Bank Altitude Rewards,us-bank-altitude-rewards,US,USD,1_dollar,active_public,high,ready_for_card_seed_details,u-s-bank-altitude-connect-visa-signature-card
US,U.S. Bank,U.S. Bank Altitude Go Visa Signature Card,u-s-bank-altitude-go-visa-signature-card,U.S. Bank Altitude Rewards,us-bank-altitude-rewards,US,USD,1_dollar,active_public,high,ready_for_card_seed_details,u-s-bank-altitude-go-visa-signature-card
US,U.S. Bank,U.S. Bank Cash Plus Visa Signature Card,u-s-bank-cash-plus-visa-signature-card,U.S. Bank Cashback,us-bank-cashback,US,USD,1_dollar,active_public,high,ready_for_card_seed_details,u-s-bank-cash-plus-visa-signature-card
US,U.S. Bank,U.S. Bank Shopper Cash Rewards Visa Signature Card,u-s-bank-shopper-cash-rewards-visa-signature-card,U.S. Bank Cashback,us-bank-cashback,US,USD,1_dollar,active_public,high,ready_for_card_seed_details,u-s-bank-shopper-cash-rewards-visa-signature-card
US,U.S. Bank,U.S. Bank Smartly Visa Signature Card,u-s-bank-smartly-visa-signature-card,U.S. Bank Cashback,us-bank-cashback,US,USD,1_dollar,active_public,high,ready_for_card_seed_details,u-s-bank-smartly-visa-signature-card
US,U.S. Bank,U.S. Bank Triple Cash Rewards Visa Business Card,u-s-bank-triple-cash-rewards-visa-business-card,U.S. Bank Cashback,us-bank-cashback,US,USD,1_dollar,active_public,high,ready_for_card_seed_details,u-s-bank-triple-cash-rewards-visa-business-card
US,U.S. Bank,U.S. Bank Business Leverage Visa Signature Card,u-s-bank-business-leverage-visa-signature-card,U.S. Bank Rewards,us-bank-rewards,US,USD,1_dollar,active_public,high,ready_for_card_seed_details,u-s-bank-business-leverage-visa-signature-card
US,Barclays,AAdvantage Aviator Red World Elite Mastercard,aadvantage-aviator-red-world-elite-mastercard,American AAdvantage,american-aadvantage,US,USD,1_dollar,active_public,high,ready_for_card_seed_details,aadvantage-aviator-red-world-elite-mastercard
US,Barclays,JetBlue Card,jetblue-card,JetBlue TrueBlue,jetblue-trueblue,US,USD,1_dollar,active_public,high,ready_for_card_seed_details,jetblue-card
US,Barclays,JetBlue Plus Card,jetblue-plus-card,JetBlue TrueBlue,jetblue-trueblue,US,USD,1_dollar,active_public,high,ready_for_card_seed_details,jetblue-plus-card
US,Barclays,JetBlue Business Card,jetblue-business-card,JetBlue TrueBlue,jetblue-trueblue,US,USD,1_dollar,active_public,high,ready_for_card_seed_details,jetblue-business-card
US,Barclays,Wyndham Rewards Earner Card,wyndham-rewards-earner-card,Wyndham Rewards,wyndham-rewards,US,USD,1_dollar,active_public,high,ready_for_card_seed_details,wyndham-rewards-earner-card
US,Barclays,Wyndham Rewards Earner Plus Card,wyndham-rewards-earner-plus-card,Wyndham Rewards,wyndham-rewards,US,USD,1_dollar,active_public,high,ready_for_card_seed_details,wyndham-rewards-earner-plus-card
US,Barclays,Wyndham Rewards Earner Business Card,wyndham-rewards-earner-business-card,Wyndham Rewards,wyndham-rewards,US,USD,1_dollar,active_public,high,ready_for_card_seed_details,wyndham-rewards-earner-business-card
US,Barclays,Frontier Airlines World Mastercard,frontier-airlines-world-mastercard,Frontier Miles,frontier-miles,US,USD,1_dollar,active_public,high,ready_for_card_seed_details,frontier-airlines-world-mastercard
US,Barclays,Hawaiian Airlines World Elite Mastercard,hawaiian-airlines-world-elite-mastercard,HawaiianMiles,hawaiianmiles,US,USD,1_dollar,legacy_verify,medium,hold_for_verification,hawaiian-airlines-world-elite-mastercard
US,Bilt,Bilt Mastercard,bilt-mastercard,Bilt Rewards,bilt-rewards,US,USD,1_dollar,active_public,high,ready_for_card_seed_details,bilt-mastercard
US,Discover,Discover it Cash Back,discover-it-cash-back,Discover Cashback,discover-cashback,US,USD,1_dollar,active_public,high,ready_for_card_seed_details,discover-it-cash-back
US,Discover,Discover it Miles,discover-it-miles,Discover Cashback,discover-cashback,US,USD,1_dollar,active_public,high,ready_for_card_seed_details,discover-it-miles
US,Discover,Discover it Chrome,discover-it-chrome,Discover Cashback,discover-cashback,US,USD,1_dollar,active_public,medium,ready_for_card_seed_details,discover-it-chrome
US,Discover,Discover it Student Cash Back,discover-it-student-cash-back,Discover Cashback,discover-cashback,US,USD,1_dollar,active_public,high,ready_for_card_seed_details,discover-it-student-cash-back
US,Discover,Discover it Student Chrome,discover-it-student-chrome,Discover Cashback,discover-cashback,US,USD,1_dollar,active_public,medium,ready_for_card_seed_details,discover-it-student-chrome
US,Discover,Discover it Secured Credit Card,discover-it-secured-credit-card,Discover Cashback,discover-cashback,US,USD,1_dollar,active_public,high,ready_for_card_seed_details,discover-it-secured-credit-card
